City_ID,City,Country,Date,Lat,Lng,Max Temp,Humidity,Cloudiness,Wind Speed
0,Bambous Virieux,MU,2020-10-12 19:26:52,-20.34,57.76,73.0,88,20,5.82
1,Mataura,NZ,2020-10-12 19:26:52,-46.19,168.86,40.78,93,43,0.98
2,Bagotville,AU,2020-10-12 19:26:52,-28.98,153.42,57.99,100,1,2.24
3,Avarua,CK,2020-10-12 19:26:52,-21.21,-159.78,71.6,88,76,3.36
4,Viedma,AR,2020-10-12 19:26:52,-40.81,-63.0,84.99,19,0,4.0
5,Bluff,NZ,2020-10-12 19:26:52,-46.6,168.33,45.41,79,79,7.18
6,Norsup,VU,2020-10-12 19:26:52,-16.07,167.38,75.2,94,20,13.02
7,Hermanus,ZA,2020-10-12 19:26:53,-34.42,19.23,59.0,87,0,5.01
8,Hilo,US,2020-10-12 19:26:53,19.73,-155.09,84.2,62,20,4.7
9,Vanavara,RU,2020-10-12 19:26:53,60.34,102.28,19.17,94,73,3.98
10,Vila,PT,2020-10-12 19:26:53,42.03,-8.16,61.0,82,94,5.01
11,Nanortalik,GL,2020-10-12 19:26:53,60.14,-45.24,42.12,86,100,26.13
12,Lexington,US,2020-10-12 19:26:53,37.99,-84.48,75.0,73,75,9.17
13,Burnie,AU,2020-10-12 19:26:53,-41.07,145.92,48.99,72,5,15.01
14,Flin Flon,CA,2020-10-12 19:26:53,54.77,-101.86,41.0,65,75,13.87
15,Bintulu,MY,2020-10-12 19:26:53,3.17,113.03,77.0,94,40,3.36
16,Westport,US,2020-10-12 19:26:53,41.14,-73.36,55.4,71,90,21.92
17,Busselton,AU,2020-10-12 19:26:54,-33.65,115.33,57.99,61,100,9.35
18,Neuquen,AR,2020-10-12 19:26:54,-38.95,-68.06,84.2,20,0,2.24
19,Gizo,SB,2020-10-12 19:26:54,-8.1,156.84,83.48,79,87,13.65
20,Mana,GF,2020-10-12 19:26:54,5.66,-53.78,85.51,67,2,11.48
21,Khatanga,RU,2020-10-12 19:26:54,71.97,102.5,24.87,98,100,13.44
22,Lagoa,PT,2020-10-12 19:26:54,39.05,-27.98,68.68,73,28,19.15
23,Codrington,AU,2020-10-12 19:26:54,-38.27,141.97,54.0,86,100,10.0
24,East London,ZA,2020-10-12 19:26:54,-33.02,27.91,60.8,82,5,10.29
25,Te Anau,NZ,2020-10-12 19:26:54,-45.42,167.72,43.34,89,55,1.54
26,Kapaa,US,2020-10-12 19:26:55,22.08,-159.32,82.4,83,40,11.41
27,Bredasdorp,ZA,2020-10-12 19:26:55,-34.53,20.04,59.0,77,9,12.75
28,Tura,IN,2020-10-12 19:26:55,25.52,90.22,74.14,91,0,2.57
29,Georgetown,MY,2020-10-12 19:23:08,5.41,100.34,77.0,88,20,2.24
30,Yellowknife,CA,2020-10-12 19:23:30,62.46,-114.35,35.6,74,90,19.46
31,Nova Olimpia,BR,2020-10-12 19:26:55,-14.8,-57.29,98.42,32,65,2.39
32,Cape Town,ZA,2020-10-12 19:24:59,-33.93,18.42,61.0,82,21,3.36
33,Hobart,AU,2020-10-12 19:23:25,-42.88,147.33,48.2,66,40,13.87
34,Bayji,IQ,2020-10-12 19:26:55,34.93,43.49,77.97,18,0,7.29
35,Kiruna,SE,2020-10-12 19:26:55,67.86,20.23,37.4,86,90,3.36
36,Asfi,MA,2020-10-12 19:26:56,32.3,-9.24,71.22,65,0,20.74
37,Collie,AU,2020-10-12 19:26:56,-33.37,116.15,57.99,61,100,7.43
38,Maceio,BR,2020-10-12 19:26:56,-9.67,-35.74,80.6,69,40,13.87
39,Broome,US,2020-10-12 19:26:56,42.25,-75.83,54.0,70,90,18.34
40,San Isidro,PE,2020-10-12 19:26:56,-12.12,-77.05,66.2,72,90,10.29
41,Faanui,PF,2020-10-12 19:26:56,-16.48,-151.75,78.87,79,6,14.2
42,Cuamba,MZ,2020-10-12 19:26:56,-14.8,36.54,73.35,76,20,6.89
43,Mahebourg,MU,2020-10-12 19:26:56,-20.41,57.7,71.6,88,20,5.82
44,Villa Guerrero,MX,2020-10-12 19:26:56,18.87,-99.65,77.0,69,40,10.29
45,Jhudo,PK,2020-10-12 19:26:57,24.96,69.3,85.01,31,38,7.0
46,Vaini,TO,2020-10-12 19:26:57,-21.2,-175.2,73.4,69,20,12.75
47,Rikitea,PF,2020-10-12 19:23:04,-23.12,-134.97,74.32,75,42,16.04
48,Clyde River,CA,2020-10-12 19:26:57,70.47,-68.59,32.0,97,90,12.75
49,Puerto Colombia,CO,2020-10-12 19:24:58,10.99,-74.95,87.8,74,75,4.7
50,Cururupu,BR,2020-10-12 19:26:57,-1.83,-44.87,87.37,50,0,6.96
51,Barrow,US,2020-10-12 19:24:07,71.29,-156.79,23.0,85,90,4.7
52,Tautira,PF,2020-10-12 19:26:57,-17.73,-149.15,82.4,69,75,11.41
53,New Norfolk,AU,2020-10-12 19:26:57,-42.78,147.06,45.0,65,43,3.0
54,Rawson,AR,2020-10-12 19:26:58,-43.3,-65.1,74.52,20,14,8.21
55,Port Lincoln,AU,2020-10-12 19:26:58,-34.73,135.87,57.45,93,6,7.43
56,Punta Arenas,CL,2020-10-12 19:24:56,-53.15,-70.92,53.6,66,100,23.04
57,Moskovskiy,RU,2020-10-12 19:26:58,55.6,37.35,55.4,100,90,6.71
58,Kalmunai,LK,2020-10-12 19:26:58,7.42,81.82,79.05,68,25,6.33
59,Terrace,CA,2020-10-12 19:26:58,54.52,-128.6,44.6,87,75,11.41
60,Jumla,NP,2020-10-12 19:26:58,29.27,82.18,57.34,65,81,1.88
61,Hobyo,SO,2020-10-12 19:26:58,5.35,48.53,79.72,80,0,12.15
62,Bandarbeyla,SO,2020-10-12 19:26:58,9.49,50.81,78.93,83,6,7.94
63,Polunochnoye,RU,2020-10-12 19:26:59,60.87,60.42,42.03,94,100,2.91
64,Sur,OM,2020-10-12 19:26:59,22.57,59.53,80.87,62,0,8.66
65,Batemans Bay,AU,2020-10-12 19:26:59,-35.72,150.18,55.99,97,48,3.0
66,Ancud,CL,2020-10-12 19:26:59,-41.87,-73.82,62.01,58,53,8.05
67,Carnarvon,AU,2020-10-12 19:26:05,-24.87,113.63,68.0,94,90,17.22
68,Ushuaia,AR,2020-10-12 19:26:59,-54.8,-68.3,44.6,75,75,5.82
69,Upernavik,GL,2020-10-12 19:26:59,72.79,-56.15,31.5,97,14,8.88
70,Makungu,TZ,2020-10-12 19:26:59,-8.73,35.28,67.17,78,95,7.9
71,Kodiak,US,2020-10-12 19:26:59,57.79,-152.41,33.8,86,75,5.82
72,Bonavista,CA,2020-10-12 19:26:59,48.65,-53.11,50.0,64,91,11.99
73,Ponta Do Sol,PT,2020-10-12 19:27:00,32.67,-17.1,71.6,68,20,16.11
74,Prieska,ZA,2020-10-12 19:27:00,-29.66,22.75,65.3,20,56,4.5
75,Husavik,IS,2020-10-12 19:27:00,66.04,-17.34,41.0,75,0,10.29
76,Puerto Ayora,EC,2020-10-12 19:23:54,-0.74,-90.35,80.6,61,20,20.8
77,Balikpapan,ID,2020-10-12 19:24:51,-1.27,116.83,77.56,88,100,7.0
78,Kokstad,ZA,2020-10-12 19:27:00,-30.55,29.42,50.83,79,1,3.49
79,Vila Velha,BR,2020-10-12 19:27:01,-20.33,-40.29,69.8,88,90,4.7
80,Taldan,RU,2020-10-12 19:27:02,53.67,124.8,24.01,93,100,9.86
81,Saint-Philippe,RE,2020-10-12 19:27:02,-21.36,55.77,72.0,73,9,4.7
82,Pisco,PE,2020-10-12 19:27:02,-13.7,-76.22,69.8,73,8,9.17
83,Bethel,US,2020-10-12 19:27:02,41.37,-73.41,54.0,71,90,14.99
84,Wangjing,IN,2020-10-12 19:27:02,24.6,94.03,67.62,90,1,0.72
85,Alice Springs,AU,2020-10-12 19:23:44,-23.7,133.88,59.0,41,0,4.7
86,Sayyan,YE,2020-10-12 19:27:02,15.17,44.32,59.13,34,0,7.18
87,Road Town,VG,2020-10-12 19:27:02,18.42,-64.62,87.8,70,25,10.29
88,Xuanhua,CN,2020-10-12 19:27:02,40.61,115.04,45.9,50,0,4.43
89,Norman Wells,CA,2020-10-12 19:27:03,65.28,-126.83,26.6,73,75,10.29
90,Albany,US,2020-10-12 19:27:03,42.6,-73.97,57.0,53,92,9.69
91,Qaanaaq,GL,2020-10-12 19:27:03,77.48,-69.36,34.29,88,100,4.76
92,Bilma,NE,2020-10-12 19:27:03,18.69,12.92,87.55,15,0,4.16
93,Yala,TH,2020-10-12 19:27:03,6.33,101.25,73.65,92,100,2.66
94,Coihaique,CL,2020-10-12 19:27:03,-45.58,-72.07,51.8,66,90,6.93
95,Dikson,RU,2020-10-12 19:27:03,73.51,80.55,33.21,86,100,18.12
96,Shelburne,CA,2020-10-12 19:27:03,44.08,-80.2,60.8,77,90,14.99
97,San Patricio,US,2020-10-12 19:27:04,28.02,-97.52,93.0,59,75,11.41
98,Mabaruma,GY,2020-10-12 19:27:04,8.2,-59.78,84.07,81,100,4.03
99,Airai,TL,2020-10-12 19:27:04,-8.93,125.41,59.18,89,12,3.22
100,Saldanha,ZA,2020-10-12 19:27:04,-33.01,17.94,60.8,77,79,8.05
101,Dhidhdhoo,MV,2020-10-12 19:27:04,6.88,73.1,83.08,76,100,23.15
102,Pangody,RU,2020-10-12 19:27:04,65.85,74.49,34.48,91,20,10.29
103,Rantepao,ID,2020-10-12 19:27:04,-2.97,119.9,64.58,85,96,1.81
104,Kimbe,PG,2020-10-12 19:27:05,-5.55,150.14,75.29,86,28,4.63
105,Marawi,PH,2020-10-12 19:27:05,8.0,124.29,73.99,94,100,4.0
106,Jever,DE,2020-10-12 19:27:05,53.58,7.9,50.0,93,40,2.24
107,Vila Franca Do Campo,PT,2020-10-12 19:27:05,37.72,-25.43,68.0,68,75,8.05
108,Sao Filipe,CV,2020-10-12 19:27:05,14.9,-24.5,78.57,76,27,11.74
109,Lorengau,PG,2020-10-12 19:27:05,-2.02,147.27,81.48,78,100,6.67
110,Gavrilov Posad,RU,2020-10-12 19:27:05,56.56,40.12,49.39,94,100,6.44
111,Fatehpur Sikri,IN,2020-10-12 19:27:05,27.1,77.67,81.46,33,0,5.03
112,El Alto,PE,2020-10-12 19:27:05,-4.27,-81.21,78.8,65,17,14.99
113,Rizoma,GR,2020-10-12 19:27:06,39.66,21.73,71.01,77,75,9.17
114,Port Alfred,ZA,2020-10-12 19:27:06,-33.59,26.89,61.48,75,19,12.68
115,Kharan,PK,2020-10-12 19:27:06,28.58,65.42,58.26,29,0,13.67
116,Aguimes,ES,2020-10-12 19:27:06,27.91,-15.45,79.0,73,40,16.11
117,Yanam,IN,2020-10-12 19:27:06,16.73,82.22,76.77,98,100,7.67
118,Fengzhen,CN,2020-10-12 19:27:06,40.44,113.15,37.99,65,0,2.3
119,Geraldton,AU,2020-10-12 19:27:06,-28.77,114.6,62.6,88,0,6.93
120,Sicuani,PE,2020-10-12 19:27:06,-14.27,-71.23,54.91,49,99,11.81
121,Jamestown,US,2020-10-12 19:27:06,42.1,-79.24,61.0,82,90,18.34
122,Olinda,BR,2020-10-12 19:27:07,-8.01,-34.86,82.4,65,40,10.29
123,Ubon Ratchathani,TH,2020-10-12 19:27:07,15.17,105.17,73.4,94,90,9.17
124,Umm Lajj,SA,2020-10-12 19:27:07,25.02,37.27,83.86,58,0,8.23
125,Chuy,UY,2020-10-12 19:27:07,-33.7,-53.46,62.82,69,47,11.23
126,Hithadhoo,MV,2020-10-12 19:27:07,-0.6,73.08,82.4,70,13,10.56
127,Pervomayskiy,RU,2020-10-12 19:27:07,53.25,40.29,56.7,75,99,5.19
128,Broken Hill,AU,2020-10-12 19:27:07,-31.95,141.43,59.0,54,0,6.93
129,Inirida,CO,2020-10-12 19:27:07,3.87,-67.92,92.5,49,39,2.86
130,Hofn,IS,2020-10-12 19:27:07,64.25,-15.21,44.6,87,75,5.82
131,Bud,US,2020-10-12 19:27:07,39.45,-86.18,77.0,61,90,9.17
132,Dunedin,NZ,2020-10-12 19:27:08,-45.87,170.5,48.0,82,25,14.0
133,Atuona,PF,2020-10-12 19:27:08,-9.8,-139.03,78.21,74,63,15.14
134,Severo-Kurilsk,RU,2020-10-12 19:27:08,50.68,156.12,45.48,79,78,14.09
135,Itoman,JP,2020-10-12 19:27:08,26.12,127.67,77.0,69,20,8.05
136,Along,IN,2020-10-12 19:27:08,28.17,94.77,68.85,86,8,2.01
137,Sao Domingos,BR,2020-10-12 19:27:08,-13.4,-46.32,83.86,49,59,6.24
138,Sun Prairie,US,2020-10-12 19:27:08,43.18,-89.21,54.0,93,90,12.75
139,Tuktoyaktuk,CA,2020-10-12 19:27:08,69.45,-133.04,23.0,62,75,20.8
140,Ketchikan,US,2020-10-12 19:27:08,55.34,-131.65,48.2,93,90,6.93
141,Guerrero Negro,MX,2020-10-12 19:27:09,27.98,-114.06,85.82,38,0,6.76
142,Havre-Saint-Pierre,CA,2020-10-12 19:27:09,50.23,-63.6,42.8,60,1,18.34
143,Butaritari,KI,2020-10-12 19:27:09,3.07,172.79,81.95,74,0,17.58
144,Souillac,MU,2020-10-12 19:27:09,-20.52,57.52,71.6,88,20,5.82
145,Omboue,GA,2020-10-12 19:27:09,-1.57,9.26,76.55,84,100,9.89
146,Anadyr,RU,2020-10-12 19:27:09,64.75,177.48,19.4,92,0,6.71
147,Koslan,RU,2020-10-12 19:27:09,63.46,48.9,44.24,90,100,3.98
148,Sokoto,NG,2020-10-12 19:27:09,13.06,5.24,88.36,30,0,3.91
149,Hailar,CN,2020-10-12 19:27:09,49.2,119.7,29.19,86,100,8.32
150,West Plains,US,2020-10-12 19:27:10,36.73,-91.85,73.4,31,1,16.11
151,Hasaki,JP,2020-10-12 19:27:10,35.73,140.83,68.0,100,75,2.24
152,Ilulissat,GL,2020-10-12 19:27:10,69.22,-51.1,35.6,64,75,6.93
153,Dingle,PH,2020-10-12 19:27:10,11.0,122.67,76.21,86,100,3.15
154,Narsaq,GL,2020-10-12 19:27:10,60.92,-46.05,53.6,37,75,10.29
155,La Paz,BO,2020-10-12 19:23:54,-16.5,-68.15,60.8,36,75,13.87
156,Castro,BR,2020-10-12 19:27:10,-24.79,-50.01,78.82,41,0,4.63
157,Parambu,BR,2020-10-12 19:22:44,-6.21,-40.69,94.66,19,73,7.34
158,Aleksandrov Gay,RU,2020-10-12 19:27:10,50.15,48.57,52.74,42,0,11.72
159,Hazorasp,UZ,2020-10-12 19:27:10,41.32,61.07,48.2,29,0,2.24
160,Port Hardy,CA,2020-10-12 19:27:10,50.7,-127.42,55.4,76,40,2.86
161,Maldonado,UY,2020-10-12 19:27:11,-34.67,-54.92,59.0,77,75,17.22
162,Gerash,IR,2020-10-12 19:27:11,27.67,54.14,71.6,30,0,9.17
163,Leh,IN,2020-10-12 19:24:03,34.17,77.58,40.19,51,0,4.25
164,Mount Gambier,AU,2020-10-12 19:27:11,-37.83,140.77,53.6,87,90,5.82
165,Dwarka,IN,2020-10-12 19:27:11,22.24,68.97,84.07,69,0,11.99
166,Arraial Do Cabo,BR,2020-10-12 19:27:11,-22.97,-42.03,75.2,64,51,19.46
167,Cherskiy,RU,2020-10-12 19:27:11,68.75,161.3,18.05,89,0,7.7
168,Homer,US,2020-10-12 19:23:36,59.64,-151.55,41.0,93,75,4.94
169,Sitka,US,2020-10-12 19:27:11,57.05,-135.33,48.2,76,75,9.17
170,Cidreira,BR,2020-10-12 19:27:11,-30.18,-50.21,70.05,68,0,7.65
171,Thompson,CA,2020-10-12 19:27:11,55.74,-97.86,41.0,87,75,21.92
172,Bengkulu,ID,2020-10-12 19:27:12,-3.8,102.27,75.27,90,57,4.38
173,Grindavik,IS,2020-10-12 19:27:12,63.84,-22.43,42.8,93,75,5.82
174,Namibe,AO,2020-10-12 19:27:12,-15.2,12.15,65.53,80,97,9.78
175,Vallenar,CL,2020-10-12 19:27:12,-28.57,-70.76,79.93,31,0,8.84
176,Ascension,US,2020-10-12 19:27:12,30.22,-90.9,88.0,55,75,4.7
177,Baruun-Urt,MN,2020-10-12 19:27:12,46.68,113.28,20.32,81,0,11.41
178,Nicoya,CR,2020-10-12 19:27:12,10.15,-85.45,89.6,62,40,5.82
179,Pankrushikha,RU,2020-10-12 19:27:12,53.83,80.34,46.85,94,100,14.56
180,Santa Maria,BR,2020-10-12 19:27:12,-29.68,-53.81,74.8,51,0,10.67
181,Leningradskiy,RU,2020-10-12 19:27:12,69.38,178.42,20.64,91,35,5.79
182,Constitucion,CL,2020-10-12 19:27:13,-35.33,-72.42,65.89,49,0,17.6
183,Araouane,ML,2020-10-12 19:27:13,18.9,-3.53,98.17,18,43,10.8
184,Subtanjalla,PE,2020-10-12 19:27:13,-14.02,-75.76,69.8,73,0,9.17
185,Xining,CN,2020-10-12 19:27:13,36.62,101.77,41.36,68,99,2.64
186,Sao Jose Da Coroa Grande,BR,2020-10-12 19:27:13,-8.9,-35.15,79.7,71,7,10.0
187,Tual,ID,2020-10-12 19:27:13,-5.67,132.75,81.28,83,100,15.57
188,Marquette,US,2020-10-12 19:25:04,46.53,-87.63,59.0,85,100,10.0
189,Tasiilaq,GL,2020-10-12 19:27:13,65.61,-37.64,35.6,93,100,3.36
190,Huty,UA,2020-10-12 19:27:13,50.13,35.34,58.77,64,100,4.83
191,Pevek,RU,2020-10-12 19:27:13,69.7,170.31,25.11,95,100,11.36
192,Porangatu,BR,2020-10-12 19:27:14,-13.44,-49.15,98.02,28,71,3.56
193,Tiksi,RU,2020-10-12 19:27:14,71.69,128.87,9.12,93,21,6.04
194,Cap Malheureux,MU,2020-10-12 19:27:14,-19.98,57.61,73.0,79,0,4.0
195,Hutchinson,US,2020-10-12 19:27:14,38.06,-97.93,72.0,17,1,4.7
196,Ternate,ID,2020-10-12 19:27:14,0.8,127.4,80.53,79,100,8.28
197,Kathmandu,NP,2020-10-12 19:23:16,27.72,85.32,69.8,88,40,2.24
198,Lufilufi,WS,2020-10-12 19:27:14,-13.87,-171.6,86.0,70,75,20.51
199,Cayenne,GF,2020-10-12 19:27:14,4.93,-52.33,89.6,55,0,14.99
200,Lavrentiya,RU,2020-10-12 19:27:14,65.58,-171.0,31.35,93,88,14.18
201,Solwezi,ZM,2020-10-12 19:27:14,-12.17,26.39,63.79,92,99,1.3
202,Chokurdakh,RU,2020-10-12 19:27:14,70.63,147.92,16.61,97,74,3.38
203,Kuito,AO,2020-10-12 19:27:15,-12.38,16.93,69.58,23,0,0.58
204,Deputatskiy,RU,2020-10-12 19:27:15,69.3,139.9,9.55,98,98,2.15
205,Ivanava,BY,2020-10-12 19:27:15,52.15,25.54,55.53,83,100,10.56
206,Colorado,BR,2020-10-12 19:23:45,-22.84,-51.97,90.25,27,0,4.61
207,Isangel,VU,2020-10-12 19:27:15,-19.55,169.27,75.96,81,100,13.94
208,Nuristan,AF,2020-10-12 19:27:15,35.3,70.83,28.29,97,95,3.04
209,Gazanjyk,TM,2020-10-12 19:27:15,39.24,55.52,54.45,35,0,12.82
210,Chapais,CA,2020-10-12 19:27:15,49.78,-74.85,50.0,39,1,13.87
211,Iquique,CL,2020-10-12 19:27:15,-20.22,-70.14,66.2,59,96,9.17
212,Eyl,SO,2020-10-12 19:27:15,7.98,49.82,79.5,81,97,11.21
213,Cockburn Town,TC,2020-10-12 19:27:16,21.46,-71.14,86.0,70,40,13.87
214,Provideniya,RU,2020-10-12 19:27:16,64.38,-173.3,31.15,90,100,11.99
215,Port Macquarie,AU,2020-10-12 19:27:16,-31.43,152.92,57.2,93,5,2.24
216,Dalvik,IS,2020-10-12 19:27:16,65.97,-18.53,41.0,75,36,10.29
217,Esperance,AU,2020-10-12 19:27:16,-33.87,121.9,50.0,100,1,9.17
218,Quatre Cocos,MU,2020-10-12 19:27:16,-20.21,57.76,73.0,88,20,5.82
219,Piste,MX,2020-10-12 19:27:16,20.7,-88.58,96.17,42,9,3.42
220,Saint-Marc-Des-Carrieres,CA,2020-10-12 19:27:16,46.68,-72.05,53.01,40,1,6.93
221,Fortuna,US,2020-10-12 19:23:02,40.6,-124.16,73.99,68,1,9.17
222,Talaya,RU,2020-10-12 19:27:16,61.38,152.75,31.87,87,100,4.63
223,Mar Del Plata,AR,2020-10-12 19:24:40,-38.0,-57.56,60.8,72,20,10.29
224,Kavieng,PG,2020-10-12 19:27:17,-2.57,150.8,82.45,70,1,3.8
225,Iqaluit,CA,2020-10-12 19:24:45,63.75,-68.51,30.2,68,75,21.92
226,Myitkyina,MM,2020-10-12 19:27:17,25.38,97.4,74.57,75,0,1.41
227,Timberlake,US,2020-10-12 19:27:17,37.32,-79.26,66.99,88,90,9.17
228,Unguia,CO,2020-10-12 19:27:17,8.04,-77.09,87.21,72,100,1.97
229,Abha,SA,2020-10-12 19:25:47,18.22,42.51,68.0,24,0,5.37
230,Prainha,BR,2020-10-12 19:27:17,-1.8,-53.48,96.33,34,91,6.31
231,Ribeira Grande,PT,2020-10-12 19:27:17,38.52,-28.7,69.8,68,40,12.75
232,Half Moon Bay,US,2020-10-12 19:23:30,37.46,-122.43,77.0,53,1,14.99
233,Fairbanks,US,2020-10-12 19:25:02,64.84,-147.72,28.4,53,90,8.05
234,Dawson Creek,CA,2020-10-12 19:26:05,55.77,-120.24,46.4,49,20,16.11
235,Moengo,SR,2020-10-12 19:27:18,5.62,-54.4,90.43,51,46,6.98
236,Nikolskoye,RU,2020-10-12 19:27:18,59.7,30.79,48.99,87,100,2.24
237,Tazovskiy,RU,2020-10-12 19:27:18,67.47,78.7,36.01,97,100,13.76
238,Grand Gaube,MU,2020-10-12 19:27:18,-20.01,57.66,73.0,79,0,4.0
239,Saskylakh,RU,2020-10-12 19:27:18,71.92,114.08,17.31,96,100,8.19
240,Miramar,US,2020-10-12 19:23:56,25.99,-80.23,90.0,55,40,4.7
241,Nelson Bay,AU,2020-10-12 19:27:18,-32.72,152.15,57.0,93,75,5.41
242,Auckland,NZ,2020-10-12 19:22:41,-36.87,174.77,62.01,93,100,11.41
243,Malakal,SS,2020-10-12 19:27:18,9.53,31.66,76.23,75,5,1.5
244,Andrychow,PL,2020-10-12 19:27:19,49.85,19.34,42.01,3,100,5.99
245,Shimoda,JP,2020-10-12 19:27:19,34.67,138.95,61.0,95,1,3.98
246,Slave Lake,CA,2020-10-12 19:27:19,55.28,-114.77,41.0,75,90,23.04
247,Kyaikkami,MM,2020-10-12 19:27:19,16.08,97.57,80.42,82,25,10.07
248,Rafai,CF,2020-10-12 19:27:19,4.95,23.92,71.4,92,100,0.76
249,Bulaevo,KZ,2020-10-12 19:27:19,54.91,70.44,48.83,88,100,7.05
250,Longyearbyen,SJ,2020-10-12 19:27:19,78.22,15.64,21.2,67,20,5.82
251,Kilindoni,TZ,2020-10-12 19:27:19,-7.91,39.67,80.67,82,0,12.91
252,Sambava,MG,2020-10-12 19:27:19,-14.27,50.17,75.74,87,57,7.65
253,Wahiawa,US,2020-10-12 19:27:19,21.5,-158.02,75.2,100,90,4.7
254,Pangnirtung,CA,2020-10-12 19:27:20,66.15,-65.71,35.6,74,75,13.87
255,Nome,US,2020-10-12 19:27:20,64.5,-165.41,33.8,55,75,6.93
256,Quelimane,MZ,2020-10-12 19:27:20,-17.88,36.89,77.0,78,75,10.29
257,Barra,BR,2020-10-12 19:27:20,-11.09,-43.14,91.62,35,15,4.59
258,Dongsheng,CN,2020-10-12 19:27:20,39.82,109.98,39.85,57,0,7.78
259,Saint-Joseph,RE,2020-10-12 19:27:20,-21.37,55.62,72.0,73,2,4.7
260,Anamur,TR,2020-10-12 19:26:41,36.08,32.84,69.8,88,40,3.36
261,Aswan,EG,2020-10-12 19:27:20,24.09,32.91,88.83,24,0,12.84
262,Kununurra,AU,2020-10-12 19:23:13,-15.77,128.73,69.8,60,0,2.24
263,Camana,PE,2020-10-12 19:27:21,-16.62,-72.71,67.14,66,50,6.44
264,Solnechnyy,RU,2020-10-12 19:27:21,50.72,136.63,33.69,91,48,2.06
265,Iwanai,JP,2020-10-12 19:27:21,42.97,140.51,56.39,85,93,5.66
266,Susangerd,IR,2020-10-12 19:27:21,31.56,48.18,80.6,22,0,4.7
267,Rocha,UY,2020-10-12 19:27:21,-34.48,-54.33,61.27,73,47,16.46
268,Arlit,NE,2020-10-12 19:27:21,18.74,7.39,96.33,10,0,13.89
269,Mwinilunga,ZM,2020-10-12 19:27:21,-11.74,24.43,64.72,81,100,0.47
270,Kamaishi,JP,2020-10-12 19:27:21,39.27,141.88,65.26,83,100,6.26
271,Berlevag,NO,2020-10-12 19:27:21,70.86,29.09,39.2,93,20,19.46
272,Cardston,CA,2020-10-12 19:27:22,49.2,-113.3,46.0,86,90,8.05
273,Tanakpur,IN,2020-10-12 19:27:22,29.08,80.12,73.0,50,0,6.35
274,Ibadan,NG,2020-10-12 19:27:22,7.39,3.9,73.4,94,75,5.82
275,Torbay,CA,2020-10-12 19:27:22,47.67,-52.73,50.0,57,20,20.8
276,Mercedes,AR,2020-10-12 19:27:22,-34.65,-59.43,73.0,44,0,8.01
277,Dukat,RU,2020-10-12 19:27:22,62.55,155.55,29.79,86,100,6.53
278,Victoria,HK,2020-10-12 19:26:12,22.29,114.16,78.01,85,100,1.01
279,Kaitangata,NZ,2020-10-12 19:27:22,-46.28,169.85,48.99,85,19,3.0
280,Ichchapuram,IN,2020-10-12 19:27:22,19.12,84.7,80.96,86,100,14.32
281,Prince George,CA,2020-10-12 19:24:41,53.92,-122.75,44.01,75,90,6.93
282,Molango,MX,2020-10-12 19:27:23,20.78,-98.72,67.68,88,96,5.28
283,Pinawa,CA,2020-10-12 19:27:23,50.15,-95.88,51.28,47,0,13.04
284,Moa,CU,2020-10-12 19:27:23,20.66,-74.94,87.26,64,100,9.35
285,Wau,SS,2020-10-12 19:27:23,7.7,28.0,75.65,82,5,4.32
286,Katsuura,JP,2020-10-12 19:27:23,35.13,140.3,71.01,85,42,1.99
287,Kuusamo,FI,2020-10-12 19:27:23,65.97,29.18,42.8,93,90,4.7
288,Honiara,SB,2020-10-12 19:27:23,-9.43,159.95,75.2,94,40,6.15
289,Rivadavia,AR,2020-10-12 19:26:25,-33.19,-68.46,82.4,12,94,6.93
290,Brive-La-Gaillarde,FR,2020-10-12 19:27:23,45.25,1.5,46.99,40,100,0.67
291,Makakilo City,US,2020-10-12 19:27:24,21.35,-158.09,75.2,94,90,9.73
292,Bridgton,US,2020-10-12 19:27:24,44.05,-70.71,53.01,53,0,1.01
293,Yeppoon,AU,2020-10-12 19:27:24,-23.13,150.73,64.4,82,0,5.82
294,Balakhninskiy,RU,2020-10-12 19:27:24,58.01,114.28,22.53,87,73,2.71
295,Steamboat Springs,US,2020-10-12 19:27:24,40.48,-106.83,57.99,34,1,5.82
296,Korla,CN,2020-10-12 19:27:24,41.76,86.15,49.68,45,82,5.01
297,Antigonish,CA,2020-10-12 19:27:24,45.62,-62.0,52.0,56,0,1.99
298,Sioux Lookout,CA,2020-10-12 19:27:24,50.1,-91.92,48.2,76,90,9.17
299,Batagay,RU,2020-10-12 19:27:24,67.63,134.63,15.57,95,96,4.47
300,Acapulco,MX,2020-10-12 19:27:24,16.86,-99.89,87.8,70,20,6.93
301,Ahipara,NZ,2020-10-12 19:27:25,-35.17,173.17,60.51,95,92,8.28
302,Stabat,ID,2020-10-12 19:27:25,3.76,98.45,75.2,100,40,2.24
303,Nador,MA,2020-10-12 19:27:25,35.17,-2.93,69.8,64,40,4.7
304,Los Llanos De Aridane,ES,2020-10-12 19:27:25,28.66,-17.92,75.2,83,94,11.41
305,Jalu,LY,2020-10-12 19:27:25,29.03,21.55,80.71,28,0,9.42
306,Manaus,BR,2020-10-12 19:27:25,-3.1,-60.02,89.6,62,40,2.24
307,Marsh Harbour,BS,2020-10-12 19:27:25,26.54,-77.06,84.94,70,38,9.78
308,Lagos,NG,2020-10-12 19:23:23,6.58,3.75,77.32,90,100,5.21
309,Faya,SA,2020-10-12 19:27:25,18.39,42.45,68.0,24,0,2.95
310,Christchurch,NZ,2020-10-12 19:24:59,-43.53,172.63,53.01,100,100,3.36
311,Magistralnyy,RU,2020-10-12 19:27:26,56.17,107.45,22.51,91,0,2.24
312,Sa Kaeo,TH,2020-10-12 19:27:26,13.75,102.33,72.36,93,100,3.58
313,Goya,AR,2020-10-12 19:27:26,-29.14,-59.26,80.53,31,0,7.7
314,Manaure,CO,2020-10-12 19:27:26,11.78,-72.44,89.37,62,86,12.62
315,Thiruvananthapuram,IN,2020-10-12 19:27:26,8.48,76.92,80.6,100,40,14.43
316,Tadine,NC,2020-10-12 19:27:26,-21.55,167.88,74.19,84,100,12.82
317,Kiama,AU,2020-10-12 19:27:26,-34.68,150.87,57.0,80,0,5.93
318,Kudahuvadhoo,MV,2020-10-12 19:27:26,2.67,72.89,82.47,78,96,16.96
319,Padang,ID,2020-10-12 19:27:26,-0.95,100.35,79.34,76,100,3.47
320,Lompoc,US,2020-10-12 19:27:26,34.64,-120.46,89.6,33,1,5.82
321,Mackenzie,CA,2020-10-12 19:27:27,55.3,-123.17,33.8,100,90,8.05
322,Stykkisholmur,IS,2020-10-12 19:27:27,65.08,-22.73,43.75,83,52,5.32
323,Golden,US,2020-10-12 19:25:43,39.76,-105.22,73.99,15,20,32.21
324,Magadan,RU,2020-10-12 19:27:27,59.57,150.8,40.95,87,100,11.79
325,Luangwa,ZM,2020-10-12 19:27:27,-15.62,30.42,73.24,78,33,4.5
326,Kasese,UG,2020-10-12 19:27:27,0.18,30.08,69.17,71,100,3.6
327,Shaowu,CN,2020-10-12 19:27:27,27.34,117.48,65.82,85,2,1.05
328,Virginia Beach,US,2020-10-12 19:22:36,36.85,-75.98,81.0,74,75,6.93
329,Springbok,ZA,2020-10-12 19:27:27,-29.66,17.89,61.63,30,81,3.38
330,Coahuayana,MX,2020-10-12 19:27:27,18.73,-103.68,78.8,78,75,5.82
331,Miles City,US,2020-10-12 19:23:16,46.41,-105.84,64.4,34,1,25.28
332,Goderich,CA,2020-10-12 19:25:49,43.75,-81.72,69.01,70,99,19.44
333,Culpeper,US,2020-10-12 19:27:28,38.5,-77.97,60.8,100,90,10.29
334,Ponta Delgada,PT,2020-10-12 19:27:28,37.73,-25.67,68.0,68,75,8.05
335,Banda Aceh,ID,2020-10-12 19:27:28,5.56,95.32,80.58,72,100,11.83
336,Gornopravdinsk,RU,2020-10-12 19:27:28,60.05,69.9,40.42,94,0,3.31
337,Daru,PG,2020-10-12 19:27:28,-9.08,143.21,79.02,85,100,14.97
338,Erenhot,CN,2020-10-12 19:27:28,43.65,111.98,31.57,75,0,13.53
339,Flinders,AU,2020-10-12 19:27:28,-34.58,150.86,57.0,85,0,1.01
340,Ugep,NG,2020-10-12 19:27:28,5.81,8.08,76.28,92,100,4.68
341,Calbuco,CL,2020-10-12 19:27:28,-41.77,-73.13,59.0,62,35,8.05
342,Itarema,BR,2020-10-12 19:27:29,-2.92,-39.92,83.07,64,0,18.37
343,Saint George,US,2020-10-12 19:27:29,37.1,-113.58,80.01,17,1,1.41
344,Pervomayskoye,RU,2020-10-12 19:27:29,43.92,46.71,59.54,92,0,9.95
345,Kupang,ID,2020-10-12 19:23:59,-10.17,123.58,77.04,73,82,7.31
346,Cuyo,PH,2020-10-12 19:27:29,10.85,121.01,83.55,74,100,7.25
347,Yumen,CN,2020-10-12 19:27:29,40.28,97.2,31.93,76,98,2.77
348,Beyneu,KZ,2020-10-12 19:27:29,45.32,55.2,53.01,36,0,9.98
349,Nogliki,RU,2020-10-12 19:27:29,51.83,143.17,45.21,72,100,5.68
350,Kahului,US,2020-10-12 19:22:33,20.89,-156.47,87.8,52,40,10.87
351,Jishou,CN,2020-10-12 19:27:29,28.32,109.72,60.89,85,39,3.49
352,Poronaysk,RU,2020-10-12 19:27:30,49.22,143.12,48.45,87,100,10.02
353,Beni Suef,EG,2020-10-12 19:23:03,29.07,31.1,75.9,43,100,7.7
354,Port Elizabeth,ZA,2020-10-12 19:27:30,-33.92,25.57,53.6,93,75,2.24
355,Ilhabela,BR,2020-10-12 19:27:30,-23.78,-45.36,73.22,68,0,8.01
356,El Asintal,GT,2020-10-12 19:27:30,14.6,-91.73,93.2,59,20,9.17
357,Evensk,RU,2020-10-12 19:27:30,61.95,159.23,32.49,93,37,3.42
358,Hudson Bay,CA,2020-10-12 19:27:30,52.85,-102.38,46.31,52,0,18.43
359,Samana,DO,2020-10-12 19:27:30,19.21,-69.34,89.6,79,40,9.17
360,Qui Nhon,VN,2020-10-12 19:27:30,13.77,109.23,77.79,87,97,5.7
361,Sadon,RU,2020-10-12 19:27:30,42.85,44.0,46.4,93,24,4.47
362,Praya,CV,2020-10-12 19:27:30,14.92,-23.51,80.6,69,75,10.29
363,Pauini,BR,2020-10-12 19:27:31,-7.71,-66.98,96.22,35,99,3.56
364,Fare,PF,2020-10-12 19:23:04,-16.7,-151.02,79.45,78,0,15.12
365,Chadiza,ZM,2020-10-12 19:27:31,-14.07,32.44,69.51,77,60,12.82
366,Avera,US,2020-10-12 19:27:31,33.19,-82.53,78.8,78,90,9.17
367,Yarmouth,US,2020-10-12 19:27:31,41.71,-70.23,57.99,67,90,8.05
368,Ouango,CF,2020-10-12 19:27:31,4.31,22.56,73.09,81,9,3.13
369,Napasar,IN,2020-10-12 19:27:31,27.97,73.55,85.3,14,0,8.52
370,Beidao,CN,2020-10-12 19:27:31,34.57,105.89,49.3,78,100,0.89
371,Grajau,BR,2020-10-12 19:27:31,-5.82,-46.14,93.72,36,100,3.78
372,Adrar,MR,2020-10-12 19:27:31,20.5,-10.07,89.35,33,100,10.31
373,Bujoreni,RO,2020-10-12 19:27:32,45.13,24.35,60.31,77,90,7.0
374,Merauke,ID,2020-10-12 19:27:32,-8.47,140.33,80.08,79,100,14.07
375,Nyurba,RU,2020-10-12 19:27:32,63.28,118.33,17.98,91,0,4.61
376,Urubicha,BO,2020-10-12 19:27:32,-15.38,-62.95,98.67,25,97,4.38
377,Kurgan,RU,2020-10-12 19:23:20,55.45,65.33,44.71,74,71,5.95
378,Vestmannaeyjar,IS,2020-10-12 19:27:32,63.44,-20.27,44.6,87,20,11.41
379,Alofi,NU,2020-10-12 19:27:32,-19.06,-169.92,73.4,78,75,17.22
380,Thunder Bay,CA,2020-10-12 19:25:13,48.4,-89.32,46.99,93,90,11.41
381,Cabo San Lucas,MX,2020-10-12 19:26:12,22.89,-109.91,82.99,78,90,4.7
382,Pahrump,US,2020-10-12 19:24:51,36.21,-115.98,84.0,18,0,3.0
383,Oranjemund,NA,2020-10-12 19:27:33,-28.55,16.43,61.83,64,39,11.86
384,Sabang,ID,2020-10-12 19:27:33,5.89,95.32,82.26,75,100,21.85
385,Belmonte,BR,2020-10-12 19:27:33,-15.86,-38.88,73.4,88,90,3.36
386,Muisne,EC,2020-10-12 19:27:33,0.6,-80.03,82.4,78,75,16.11
387,Cao Bang,VN,2020-10-12 19:27:33,22.67,106.25,68.81,83,12,3.4
388,Galesong,ID,2020-10-12 19:27:33,-5.32,119.37,71.6,88,20,2.24
389,Namatanai,PG,2020-10-12 19:23:04,-3.67,152.43,79.59,81,23,6.08
390,Archidona,ES,2020-10-12 19:27:33,37.1,-4.39,66.99,66,0,4.0
391,Perth,AU,2020-10-12 19:27:33,-31.93,115.83,66.2,48,23,12.75
392,Samarai,PG,2020-10-12 19:27:33,-10.62,150.67,79.14,90,97,8.39
393,Esso,RU,2020-10-12 19:27:34,55.93,158.7,31.48,70,100,2.55
394,Marsabit,KE,2020-10-12 19:27:34,2.33,37.99,77.22,50,0,11.77
395,Benghazi,LY,2020-10-12 19:27:34,32.12,20.07,81.82,43,0,9.86
396,Kansas City,US,2020-10-12 19:25:28,39.1,-94.58,71.01,26,1,9.17
397,Kysyl-Syr,RU,2020-10-12 19:27:34,63.9,122.76,19.26,90,45,8.79
398,Batie,BF,2020-10-12 19:27:34,9.88,-2.92,79.21,65,97,1.52
399,Port Blair,IN,2020-10-12 19:27:34,11.67,92.75,80.01,84,100,14.25
400,Pavilosta,LV,2020-10-12 19:27:34,56.89,21.19,48.2,93,100,2.24
401,Peterhead,GB,2020-10-12 19:27:34,57.51,-1.8,48.99,81,75,11.41
402,Talara,PE,2020-10-12 19:27:34,-4.58,-81.27,78.8,65,3,14.99
403,Halkirk,CA,2020-10-12 19:27:35,52.28,-112.15,48.99,66,58,17.0
404,Harper,LR,2020-10-12 19:27:35,4.38,-7.72,77.63,86,100,8.28
405,Ploemeur,FR,2020-10-12 19:27:35,47.73,-3.43,54.0,93,40,8.05
406,Walvis Bay,NA,2020-10-12 19:27:35,-22.96,14.51,55.99,87,0,6.93
407,Boda,CF,2020-10-12 19:27:35,4.32,17.47,72.57,88,78,1.88
408,Presidencia Roque Saenz Pena,AR,2020-10-12 19:27:35,-26.79,-60.44,91.71,24,0,9.13
409,Telma,RU,2020-10-12 19:27:35,52.7,103.71,12.2,92,0,6.71
410,Tocache,PE,2020-10-12 19:27:35,-8.18,-76.51,96.49,26,15,3.15
411,Haines Junction,CA,2020-10-12 19:27:36,60.75,-137.51,38.89,74,100,3.15
412,Ulverstone,AU,2020-10-12 19:27:36,-41.15,146.17,48.99,69,5,6.26
413,Mae Chan,TH,2020-10-12 19:27:36,20.15,99.85,70.0,100,20,2.24
414,Riverton,US,2020-10-12 19:26:18,40.52,-111.94,68.0,25,1,16.11
415,Banting,MY,2020-10-12 19:27:36,2.82,101.5,77.0,94,20,3.36
416,Rognan,NO,2020-10-12 19:27:36,67.1,15.39,41.0,94,75,1.28
417,Jinchang,CN,2020-10-12 19:27:36,38.5,102.17,44.13,49,92,3.31
418,Kinablangan,PH,2020-10-12 19:27:36,7.69,126.55,79.0,81,95,4.76
419,Manta,EC,2020-10-12 19:26:36,-0.95,-80.73,87.8,52,3,13.87
420,Kathu,TH,2020-10-12 19:27:37,7.92,98.33,79.0,88,75,13.87
421,San Quintin,MX,2020-10-12 19:27:37,30.48,-115.95,83.5,37,0,10.76
422,Kirkkonummi,FI,2020-10-12 19:27:37,60.12,24.44,46.99,91,100,9.84
423,Avanigadda,IN,2020-10-12 19:27:37,16.02,80.92,74.5,97,100,8.57
424,Aysha,RU,2020-10-12 19:27:37,55.87,48.63,48.2,49,82,6.71
425,Qaqortoq,GL,2020-10-12 19:27:37,60.72,-46.03,53.6,37,75,10.29
426,Antofagasta,CL,2020-10-12 19:24:37,-23.65,-70.4,62.6,67,20,12.75
427,Hohhot,CN,2020-10-12 19:27:37,40.81,111.65,28.4,79,0,2.24
428,Tuatapere,NZ,2020-10-12 19:27:37,-46.13,167.68,43.36,85,71,1.77
429,Pochutla,MX,2020-10-12 19:27:38,15.74,-96.47,93.99,52,20,5.57
430,Waipawa,NZ,2020-10-12 19:27:38,-41.41,175.52,55.4,93,91,1.12
431,Nizwa,OM,2020-10-12 19:27:38,22.93,57.53,76.41,25,0,2.06
432,La Palma,US,2020-10-12 19:27:38,33.85,-118.05,89.01,35,1,3.36
433,Kamina,CD,2020-10-12 19:27:38,-8.74,24.99,63.77,89,100,2.3
434,Latung,PH,2020-10-12 19:27:38,5.5,120.88,80.01,81,100,9.62
435,Camacha,PT,2020-10-12 19:27:38,33.08,-16.33,69.8,77,20,10.29
436,Ust-Omchug,RU,2020-10-12 19:27:38,61.15,149.63,31.95,95,100,2.93
437,Katobu,ID,2020-10-12 19:27:39,-4.94,122.53,74.66,90,97,3.62
438,Yulara,AU,2020-10-12 19:27:39,-25.24,130.99,64.4,25,0,6.93
439,Qinhuangdao,CN,2020-10-12 19:27:39,39.93,119.59,51.73,43,0,8.14
440,Waren,DE,2020-10-12 19:27:39,53.52,12.68,45.0,97,0,3.02
441,Boende,CD,2020-10-12 19:27:39,-0.22,20.87,71.19,97,97,1.74
442,Poum,NC,2020-10-12 19:27:39,-20.23,164.02,76.26,81,58,14.14
443,La Rioja,ES,2020-10-12 19:27:13,42.25,-2.5,55.4,71,75,5.91
444,Mandurah,AU,2020-10-12 19:26:29,-32.55,115.7,60.01,75,44,6.62
445,Gazimurskiy Zavod,RU,2020-10-12 19:27:40,51.55,118.33,20.44,84,30,5.37
446,Kinsale,IE,2020-10-12 19:24:43,51.71,-8.53,48.2,81,20,10.29
447,Beacon,US,2020-10-12 19:26:24,41.5,-73.97,54.0,81,90,13.87
448,Meulaboh,ID,2020-10-12 19:27:40,4.14,96.13,75.42,88,100,8.19
449,Ostrovnoy,RU,2020-10-12 19:27:40,68.05,39.51,44.01,91,100,3.36
450,Opuwo,NA,2020-10-12 19:27:40,-18.06,13.84,68.94,25,0,7.29
451,Nuuk,GL,2020-10-12 19:23:10,64.18,-51.72,37.4,93,75,8.05
452,Sidi Ali,DZ,2020-10-12 19:27:40,36.1,0.42,62.8,59,0,6.29
453,Micheweni,TZ,2020-10-12 19:27:40,-4.97,39.83,78.62,83,0,7.58
454,Talnakh,RU,2020-10-12 19:27:41,69.49,88.4,28.4,92,40,20.13
455,Lazarev,RU,2020-10-12 19:27:41,52.23,141.51,43.61,71,0,12.91
456,Rezh,RU,2020-10-12 19:27:41,57.37,61.4,43.77,72,100,6.91
457,Pryyutivka,UA,2020-10-12 19:27:41,48.72,33.07,60.85,63,65,6.02
458,Umuahia,NG,2020-10-12 19:27:41,5.53,7.49,74.46,94,13,5.14
459,Luderitz,NA,2020-10-12 19:27:41,-26.65,15.16,63.7,56,0,14.47
460,Lashio,MM,2020-10-12 19:27:41,22.93,97.75,65.32,97,48,0.89
461,Khani,GE,2020-10-12 19:27:41,41.96,42.96,73.4,43,0,23.04
462,Matara,LK,2020-10-12 19:27:41,5.95,80.54,78.64,85,98,14.81
463,Portland,US,2020-10-12 19:24:11,45.52,-122.68,62.01,63,75,9.17
464,Mayo,US,2020-10-12 19:27:42,38.89,-76.51,61.0,100,90,10.29
465,Lendinara,IT,2020-10-12 19:27:42,45.08,11.6,53.01,87,28,4.03
466,Cheremnoye,RU,2020-10-12 19:27:42,53.17,83.21,44.6,100,90,13.42
467,Ndende,GA,2020-10-12 19:27:42,-2.4,11.36,73.67,93,81,4.79
468,Abu Dhabi,AE,2020-10-12 19:27:42,24.47,54.37,86.0,66,0,6.93
469,Vardo,NO,2020-10-12 19:27:42,70.37,31.11,42.8,81,75,11.41
470,Ovalle,CL,2020-10-12 19:27:42,-30.6,-71.2,76.32,37,53,9.51
471,Chimoio,MZ,2020-10-12 19:27:42,-19.12,33.48,60.8,100,90,7.11
472,Lebu,CL,2020-10-12 19:27:43,-37.62,-73.65,53.74,73,0,20.22
473,Laguna,US,2020-10-12 19:25:05,38.42,-121.42,79.0,27,1,8.05
474,Betong,TH,2020-10-12 19:27:43,5.77,101.07,71.42,93,100,0.89
475,Gondanglegi,ID,2020-10-12 19:27:43,-7.75,112.01,76.08,79,0,9.89
476,Aginskoye,RU,2020-10-12 19:27:43,51.1,114.53,23.74,85,2,11.52
477,Pasighat,IN,2020-10-12 19:27:43,28.07,95.33,75.52,72,0,3.27
478,Sola,VU,2020-10-12 19:27:43,-13.88,167.55,78.8,94,75,20.45
479,Abay,KZ,2020-10-12 19:27:43,49.63,72.85,44.6,75,58,4.47
480,Kissidougou,GN,2020-10-12 19:27:43,9.18,-10.1,71.11,94,100,3.94
481,Ostersund,SE,2020-10-12 19:23:11,63.18,14.64,41.0,86,20,4.7
482,Ihlow,DE,2020-10-12 19:27:44,51.88,13.33,44.01,100,20,2.28
483,San Jose,US,2020-10-12 19:24:09,37.34,-121.89,81.0,36,5,4.27
484,Berdigestyakh,RU,2020-10-12 19:27:44,62.1,126.7,22.1,85,100,15.05
485,Terny,UA,2020-10-12 19:27:44,50.98,33.98,57.02,68,100,4.54
486,Yambio,SS,2020-10-12 19:27:44,4.57,28.4,70.05,93,100,5.03
487,Alice Town,BS,2020-10-12 19:27:44,25.72,-79.3,83.95,71,99,4.63
488,Misratah,LY,2020-10-12 19:27:44,32.38,15.09,70.43,70,80,25.84
489,Malatya,TR,2020-10-12 19:27:44,38.5,38.0,53.6,50,0,6.93
490,Santa Cruz,BO,2020-10-12 19:26:22,-17.8,-63.17,93.2,46,75,12.75
491,Nemuro,JP,2020-10-12 19:27:45,43.32,145.57,61.21,95,100,33.42
492,Trinidad,BO,2020-10-12 19:27:45,-14.83,-64.9,93.2,52,40,4.7
493,Kaputa,ZM,2020-10-12 19:27:45,-8.47,29.66,78.62,60,69,3.38
494,Puerto Baquerizo Moreno,EC,2020-10-12 19:27:45,-0.9,-89.6,75.2,78,75,19.46
495,Paamiut,GL,2020-10-12 19:27:45,61.99,-49.67,41.04,88,100,28.68
496,Yining,CN,2020-10-12 19:27:45,29.04,114.56,60.08,86,0,2.15
497,Pinsk,BY,2020-10-12 19:27:45,52.12,26.1,56.1,82,100,9.46
498,Madingou,CG,2020-10-12 19:27:45,-4.15,13.55,79.59,71,98,3.71
499,Moctezuma,MX,2020-10-12 19:27:45,29.8,-109.67,92.39,16,0,5.5
500,Valday,RU,2020-10-12 19:27:46,57.97,33.25,49.46,98,100,3.8
501,Ixtapa,MX,2020-10-12 19:24:04,20.7,-105.2,88.0,70,75,5.82
502,Safford,US,2020-10-12 19:27:46,32.83,-109.71,84.2,15,1,7.96
503,Shihezi,CN,2020-10-12 19:27:46,44.3,86.03,49.33,49,100,5.61
504,San Pedro,PH,2020-10-12 19:27:46,14.35,121.02,78.8,94,75,1.12
505,Klaksvik,FO,2020-10-12 19:27:46,62.23,-6.59,44.6,87,37,9.17
506,Sorong,ID,2020-10-12 19:27:46,-0.88,131.25,77.4,89,100,6.49
507,Soe,ID,2020-10-12 19:27:46,-9.86,124.28,65.28,88,100,4.36
508,Sorland,NO,2020-10-12 19:27:46,67.67,12.69,48.2,70,20,12.75
509,Lobbes,BE,2020-10-12 19:27:46,50.35,4.27,51.01,81,100,4.7
510,Lydenburg,ZA,2020-10-12 19:27:06,-25.1,30.46,60.01,94,37,2.91
511,Komsomolskiy,UZ,2020-10-12 19:27:47,40.43,71.72,50.0,66,0,6.93
512,Sala Consilina,IT,2020-10-12 19:27:47,40.39,15.6,55.0,89,100,1.01
513,Sibolga,ID,2020-10-12 19:27:47,1.74,98.78,76.98,73,100,2.57
514,Tsiroanomandidy,MG,2020-10-12 19:27:47,-18.77,46.03,75.18,62,100,3.15
515,Veraval,IN,2020-10-12 19:27:47,20.9,70.37,83.23,61,0,8.93
516,Naifaru,MV,2020-10-12 19:27:47,5.44,73.37,82.49,79,98,21.54
517,Glendive,US,2020-10-12 19:27:47,47.11,-104.71,62.01,41,40,17.22
518,Novo Aripuana,BR,2020-10-12 19:27:48,-5.12,-60.38,97.92,33,77,2.06
519,Labelle,US,2020-10-12 19:27:48,26.76,-81.44,90.0,70,26,9.17
520,Helong,CN,2020-10-12 19:27:48,42.54,129.0,34.29,81,0,3.89
521,Tanabe,JP,2020-10-12 19:27:48,33.73,135.37,66.99,90,0,8.43
522,Longkou,CN,2020-10-12 19:27:48,37.65,120.33,58.33,52,100,3.74
523,Karoi,ZW,2020-10-12 19:27:48,-16.81,29.69,63.68,80,93,7.58
524,Sungaipenuh,ID,2020-10-12 19:27:48,-2.08,101.38,65.84,90,92,1.25
525,Balaguer,ES,2020-10-12 19:27:48,41.79,0.81,57.0,54,69,11.41
526,Bairiki,KI,2020-10-12 19:27:48,1.33,172.98,82.4,69,20,12.75
527,Nishihara,JP,2020-10-12 19:27:49,26.18,127.76,77.0,69,20,8.05
528,Bajah,YE,2020-10-12 19:27:49,13.81,44.63,74.62,57,3,2.33
529,Touros,BR,2020-10-12 19:27:49,-5.2,-35.46,82.4,69,40,13.87
530,Brae,GB,2020-10-12 19:27:49,60.4,-1.35,46.4,87,40,16.11
531,Campbell River,CA,2020-10-12 19:27:05,50.02,-125.24,53.6,66,40,2.24
532,Coventry,GB,2020-10-12 19:27:49,52.41,-1.51,51.8,81,75,6.93
533,Pomabamba,PE,2020-10-12 19:27:49,-8.83,-77.47,61.79,34,73,7.72
534,Srandakan,ID,2020-10-12 19:27:49,-7.94,110.25,77.04,83,0,8.23
535,Port Hawkesbury,CA,2020-10-12 19:27:49,45.62,-61.35,53.01,61,75,6.93
536,Strezhevoy,RU,2020-10-12 19:27:49,60.73,77.59,42.8,100,90,6.71
537,Udachnyy,RU,2020-10-12 19:27:50,66.42,112.4,14.0,92,0,2.24
538,Joshimath,IN,2020-10-12 19:27:50,30.57,79.57,55.45,40,3,1.99
539,Mezinovskiy,RU,2020-10-12 19:27:50,55.5,40.36,48.56,85,70,3.98
540,Aguas Vermelhas,BR,2020-10-12 19:27:50,-15.75,-41.46,76.14,72,94,6.71
541,San Carlos De Bariloche,AR,2020-10-12 19:27:50,-41.15,-71.31,68.0,10,63,20.8
542,Trairi,BR,2020-10-12 19:25:18,-3.28,-39.27,82.62,64,0,15.77
543,Blagoyevo,RU,2020-10-12 19:27:50,63.37,47.92,43.45,92,100,3.85
544,Sao Geraldo Do Araguaia,BR,2020-10-12 19:27:50,-6.4,-48.55,93.97,40,28,2.24
545,Havelock,US,2020-10-12 19:24:12,34.88,-76.9,82.0,88,90,3.36
546,Port Said,EG,2020-10-12 19:27:50,31.26,32.28,77.0,69,100,5.82
547,Petropavlovsk-Kamchatskiy,RU,2020-10-12 19:27:51,53.05,158.65,23.0,79,98,6.71
548,Haimen,CN,2020-10-12 19:27:51,23.19,116.61,77.0,73,95,8.95
549,Nouadhibou,MR,2020-10-12 19:27:51,20.93,-17.03,71.6,88,0,16.11
550,Kez,RU,2020-10-12 19:27:51,57.9,53.72,42.82,67,29,7.29
551,Marsa Matruh,EG,2020-10-12 19:27:51,31.35,27.25,69.8,64,40,2.86
552,Glubokiy,RU,2020-10-12 19:27:51,48.52,40.33,62.02,68,52,6.98
553,Doka,SD,2020-10-12 19:27:51,13.52,35.77,79.74,46,0,5.08
554,Urumqi,CN,2020-10-12 19:27:52,43.8,87.6,50.0,43,76,2.24
555,Boden,SE,2020-10-12 19:27:52,65.83,21.69,42.8,100,84,3.36
556,Tobane,BW,2020-10-12 19:27:52,-21.95,27.9,59.0,93,90,10.29
557,Kulhudhuffushi,MV,2020-10-12 19:27:52,6.62,73.07,83.23,76,97,23.0
558,Biak,ID,2020-10-12 19:27:52,-0.91,122.88,76.66,79,70,5.79
559,Tambopata,PE,2020-10-12 19:27:52,-12.73,-69.18,98.6,39,20,9.17
560,Paso De Los Toros,UY,2020-10-12 19:27:52,-32.82,-56.52,62.38,71,86,9.31
561,Tilichiki,RU,2020-10-12 19:27:52,60.47,166.1,28.67,92,94,3.15
562,Mizdah,LY,2020-10-12 19:27:53,31.45,12.98,60.84,77,1,15.35
563,Gracac,HR,2020-10-12 19:27:53,44.3,15.85,53.6,54,75,17.22
564,Tomatlan,MX,2020-10-12 19:27:53,19.93,-105.25,90.18,58,48,5.44
565,Mashhad,IR,2020-10-12 19:27:53,36.3,59.61,48.2,42,0,9.17
566,Kapoeta,SS,2020-10-12 19:25:07,4.77,33.59,80.06,66,26,4.7
567,Grand-Bourg,GP,2020-10-12 19:27:53,15.88,-61.31,86.0,70,40,2.24
568,Asau,RO,2020-10-12 19:27:53,46.43,26.4,63.0,93,75,8.05
569,Mehamn,NO,2020-10-12 19:27:53,71.04,27.85,35.6,100,75,2.24
570,Santa Eulalia,PE,2020-10-12 19:27:53,-11.85,-76.68,66.2,72,90,10.29
571,Klyuchi,RU,2020-10-12 19:27:53,52.27,79.17,48.52,80,100,15.01
572,Rio Tuba,PH,2020-10-12 19:27:54,8.51,117.43,82.72,77,100,4.47
573,Vostok,RU,2020-10-12 19:27:54,46.49,135.88,32.2,96,95,4.07
574,Kenai,US,2020-10-12 19:27:54,60.55,-151.26,45.0,81,40,3.36
575,Siilinjarvi,FI,2020-10-12 19:27:54,63.08,27.67,46.4,93,90,2.24
576,Belogorsk,RU,2020-10-12 19:27:54,50.92,128.46,29.32,91,0,7.14
577,Grand Forks,US,2020-10-12 19:23:08,47.94,-97.43,62.6,27,1,16.11
578,Arthur,US,2020-10-12 19:27:54,39.71,-88.47,59.0,86,100,11.99
579,Grande Prairie,CA,2020-10-12 19:27:43,55.17,-118.8,44.6,52,75,19.46
580,Januaria,BR,2020-10-12 19:27:55,-15.48,-44.37,80.6,67,100,2.44
581,Keti Bandar,PK,2020-10-12 19:27:55,24.14,67.45,84.94,50,43,7.54
582,Rio Grande,BR,2020-10-12 19:27:55,-32.03,-52.1,64.76,71,95,13.6
583,Ust-Shonosha,RU,2020-10-12 19:27:55,61.15,41.34,45.36,93,63,5.37
584,Assare,BR,2020-10-12 19:27:55,-6.87,-39.88,96.57,17,30,6.64
585,Waingapu,ID,2020-10-12 19:27:55,-9.66,120.26,79.02,77,70,6.78
586,Salta,AR,2020-10-12 19:27:36,-24.79,-65.41,82.4,23,0,9.17
587,Paka,MY,2020-10-12 19:27:55,4.64,103.44,73.4,100,100,1.12
588,Binzhou,CN,2020-10-12 19:27:55,37.37,118.02,55.04,39,99,3.09
589,Iranshahr,IR,2020-10-12 19:27:55,27.2,60.68,69.8,4,0,4.7
590,Aksu,CN,2020-10-12 19:27:56,41.12,80.26,53.13,39,71,5.06
591,Huejuquilla El Alto,MX,2020-10-12 19:27:56,22.6,-103.87,82.26,27,17,4.63
592,Port Shepstone,ZA,2020-10-12 19:27:56,-30.74,30.45,62.62,77,7,18.61
593,Dali,CN,2020-10-12 19:27:56,25.7,100.18,58.44,84,100,2.71
594,Coquimbo,CL,2020-10-12 19:27:56,-29.95,-71.34,57.2,76,90,9.17
595,Cascais,PT,2020-10-12 19:27:56,38.7,-9.42,64.0,59,0,13.87
596,Zaranj,AF,2020-10-12 19:27:56,30.97,61.88,59.0,30,0,24.16
